<fct>,cells_count_mean,cells_count_sd,cells_vaible_count_mean,cells_vaible_count_sd,Cells/Viable cells | Freq. of Total_mean,Cells/Viable cells | Freq. of Total_sd,cells_viable_pct_mean,cells_viable_pct_sd,O4_PE_count_mean,O4_PE_count_sd,O4_PE_pct_mean,O4_PE_pct_sd,CD11B_APC_count_mean,CD11B_APC_count_sd,CD11B_APC_pct_mean,CD11B_APC_pct_sd,ACSA2_FITC_count_mean,ACSA2_FITC_count_sd,ACSA2_FITC_pct_mean,ACSA2_FITC_pct_sd,neuron_hi_count_mean,neuron_hi_count_sd,neuron_hi_pct_mean,neuron_hi_pct_sd,neuron_lo_count_mean,neuron_lo_count_sd,neuron_lo_pct_mean,neuron_lo_pct_sd
O4_fraction,124040.16666666667,59108.76245504271,118467.83333333333,58664.064664551384,9.870000000000001,1.0484655454520189,93.96666666666667,4.372032326809426,111586.66666666667,56697.3432663883,91.26666666666667,8.065647318514902,777.1666666666666,1080.6282277761704,0.7176666666666667,0.6897772587340545,1300.3333333333333,458.90638115705764,2.2016666666666667,2.895482112993735,1000,502.88527518709475,1.0816666666666666,0.6702064358588826,818.5,444.16607254494346,0.865,0.5115759963094437
CD11B_fraction,50096.833333333336,5337.680260812432,25279,3208.490984871237,32.55,4.470682274552732,50.46666666666667,3.505234181430203,138.16666666666666,70.94058546887435,0.5583333333333333,0.29478240562602553,23965.666666666668,3136.8865243528758,94.76666666666667,0.615358973824766,48.166666666666664,29.23297225166587,0.1965,0.13366188686383265,202.33333333333334,18.00740588387641,0.81,0.10733126291998996,139,17.123083834403193,0.555,0.07867655305108374
ACSA2_fraction,51831.5,33411.2093809847,40995.833333333336,26357.376807388602,7.908333333333333,5.939105712703443,80.66666666666667,4.56888024210163,11053.833333333334,8751.95355144591,21.42,12.289768101961894,153.66666666666666,105.5834583003733,0.315,0.16646320914844817,26996.166666666668,16309.457776599033,57.91666666666667,25.750760506568863,412.1666666666667,318.08578507482326,7.066666666666666,15.058099038944677,314.1666666666667,240.33760976315517,5.351666666666667,11.390444094356756
neuron_fraction,48978,37186.74562260054,46130,36662.072390960115,9.43,2.3617366491630687,92.4,4.6669047558312196,33241.5,26204.670203992264,72.35,0.6363961030678867,67.5,84.14570696119915,0.11,0.09899494936611665,149,171.1198410471445,0.255,0.1626345596729059,6669,4413.76052816643,15.600000000000001,2.828427124746191,5776.5,4875.501256281245,12.15,0.9192388155425123
